<?xml version="1.0" encoding="utf-8" standalone="yes"?>
<language alias="en" intName="English (UK)" localName="English (UK)" lcid="" culture="en-GB">
  <creator>
    <name>The Umbraco community</name>
    <link>http://our.umbraco.org/documentation/Extending-Umbraco/Language-Files</link>
  </creator>
  <area alias="actions">
    <key alias="assignDomain">Culture and Hostnames</key>
    <key alias="auditTrail">Audit Trail</key>
    <key alias="browse">Browse Node</key>
    <key alias="changeDocType">Change Document Type</key>
    <key alias="copy">Copy</key>
    <key alias="create">Create</key>
    <key alias="createPackage">Create Package</key>
    <key alias="delete">Delete</key>
    <key alias="disable">Disable</key>
    <key alias="emptyTrashcan">Empty recycle bin</key>
    <key alias="exportDocumentType">Export Document Type</key>
    <key alias="importDocumentType">Import Document Type</key>
    <key alias="importPackage">Import Package</key>
    <key alias="liveEdit">Edit in Canvas</key>
    <key alias="logout">Exit</key>
    <key alias="move">Move</key>
    <key alias="notify">Notifications</key>
    <key alias="protect">Public access</key>
    <key alias="publish">Publish</key>
    <key alias="unpublish">Unpublish</key>
    <key alias="refreshNode">Reload nodes</key>
    <key alias="republish">Republish entire site</key>
    <key alias="rights">Permissions</key>
    <key alias="rollback">Rollback</key>
    <key alias="sendtopublish">Send To Publish</key>
    <key alias="sendToTranslate">Send To Translation</key>
    <key alias="sort">Sort</key>
    <key alias="toPublish">Send to publication</key>
    <key alias="translate">Translate</key>
    <key alias="update">Update</key>
    <key alias="defaultValue">Default value</key>
  </area>
  <area alias="assignDomain">
    <key alias="permissionDenied">Permission denied.</key>
    <key alias="addNew">Add new Domain</key>
    <key alias="remove">remove</key>
    <key alias="invalidNode">Invalid node.</key>
    <key alias="invalidDomain">Invalid domain format.</key>
    <key alias="duplicateDomain">Domain has already been assigned.</key>
    <key alias="language">Language</key>
    <key alias="domain">Domain</key>
    <key alias="domainCreated">New domain '%0%' has been created</key>
    <key alias="domainDeleted">Domain '%0%' is deleted</key>
    <key alias="domainExists">Domain '%0%' has already been assigned</key>
    <key alias="domainUpdated">Domain '%0%' has been updated</key>
    <key alias="orEdit">Edit Current Domains</key>
    <key alias="domainHelp"><![CDATA[Valid domain names are: "example.com", "www.example.com", "example.com:8080" or
        "https://www.example.com/".<br /><br />One-level paths in domains are supported, eg. "example.com/en". However, they
        should be avoided. Better use the culture setting above.]]></key>
    <key alias="inherit">Inherit</key>
    <key alias="setLanguage">Culture</key>
    <key alias="setLanguageHelp"><![CDATA[Set the culture for nodes below the current node,<br /> or inherit culture from parent nodes. Will also apply<br />
      to the current node, unless a domain below applies too.]]></key>
    <key alias="setDomains">Domains</key>
  </area>
  <area alias="auditTrails">
    <key alias="atViewingFor">Viewing for</key>
  </area>
  <area alias="buttons">
    <key alias="select">Select</key>
    <key alias="selectCurrentFolder">Select current folder</key>
    <key alias="somethingElse">Do something else</key>
    <key alias="bold">Bold</key>
    <key alias="deindent">Cancel Paragraph Indent</key>
    <key alias="formFieldInsert">Insert form field</key>
    <key alias="graphicHeadline">Insert graphic headline</key>
    <key alias="htmlEdit">Edit Html</key>
    <key alias="indent">Indent Paragraph</key>
    <key alias="italic">Italic</key>
    <key alias="justifyCenter">Center</key>
    <key alias="justifyLeft">Justify Left</key>
    <key alias="justifyRight">Justify Right</key>
    <key alias="linkInsert">Insert Link</key>
    <key alias="linkLocal">Insert local link (anchor)</key>
    <key alias="listBullet">Bullet List</key>
    <key alias="listNumeric">Numeric List</key>
    <key alias="macroInsert">Insert macro</key>
    <key alias="pictureInsert">Insert picture</key>
    <key alias="relations">Edit relations</key>
    <key alias="returnToList">Return to list</key>
    <key alias="save">Save</key>
    <key alias="saveAndPublish">Save and publish</key>
    <key alias="saveToPublish">Save and send for approval</key>
    <key alias="showPage">Preview</key>
    <key alias="showPageDisabled">Preview is disabled because there's no template assigned</key>
    <key alias="styleChoose">Choose style</key>
    <key alias="styleShow">Show styles</key>
    <key alias="tableInsert">Insert table</key>
  </area>
  <area alias="changeDocType">
    <key alias="changeDocTypeInstruction">To change the document type for the selected content, first select from the list of valid types for this location.</key>
    <key alias="changeDocTypeInstruction2">Then confirm and/or amend the mapping of properties from the current type to the new, and click Save.</key>
    <key alias="contentRepublished">The content has been re-published.</key>
    <key alias="currentProperty">Current Property</key>
    <key alias="currentType">Current type</key>
    <key alias="docTypeCannotBeChanged">The document type cannot be changed, as there are no alternatives valid for this location.  An alternative will be valid if it is allowed under the parent of the selected content item and that all existing child content items are allowed to be created under it.</key>
    <key alias="docTypeChanged">Document Type Changed</key>
    <key alias="mapProperties">Map Properties</key>
    <key alias="mapToProperty">Map to Property</key>
    <key alias="newTemplate">New Template</key>
    <key alias="newType">New Type</key>
    <key alias="none">none</key>
    <key alias="selectedContent">Content</key>
    <key alias="selectNewDocType">Select New Document Type</key>
    <key alias="successMessage">The document type of the selected content has been successfully changed to [new type] and the following properties mapped:</key>
    <key alias="to">to</key>
    <key alias="validationErrorPropertyWithMoreThanOneMapping">Could not complete property mapping as one or more properties have more than one mapping defined.</key>
    <key alias="validDocTypesNote">Only alternate types valid for the current location are displayed.</key>
  </area>
  <area alias="content">
    <key alias="isPublished" version="7.2">Is Published</key>
    <key alias="about">About this page</key>
    <key alias="alias">Alias</key>
    <key alias="alternativeTextHelp">(how would you describe the picture over the phone)</key>
    <key alias="alternativeUrls">Alternative Links</key>
    <key alias="clickToEdit">Click to edit this item</key>
    <key alias="createBy">Created by</key>
    <key alias="createByDesc" version="7.0">Original author</key>
    <key alias="updatedBy" version="7.0">Updated by</key>
    <key alias="createDate">Created</key>
    <key alias="createDateDesc" version="7.0">Date/time this document was created</key>
    <key alias="documentType">Document Type</key>
    <key alias="editing">Editing</key>
    <key alias="expireDate">Remove at</key>
    <key alias="itemChanged">This item has been changed after publication</key>
    <key alias="itemNotPublished">This item is not published</key>
    <key alias="lastPublished">Last published</key>
    <key alias="listViewNoItems" version="7.1.5">There are no items to show in the list.</key>
    <key alias="mediatype">Media Type</key>
    <key alias="mediaLinks">Link to media item(s)</key>
    <key alias="membergroup">Member Group</key>
    <key alias="memberrole">Role</key>
    <key alias="membertype">Member Type</key>
    <key alias="noDate">No date chosen</key>
    <key alias="nodeName">Page Title</key>
    <key alias="otherElements">Properties</key>
    <key alias="parentNotPublished">This document is published but is not visible because the parent '%0%' is unpublished</key>
    <key alias="parentNotPublishedAnomaly">Oops: this document is published but is not in the cache (internal error)</key>
    <key alias="publish">Publish</key>
    <key alias="publishStatus">Publication Status</key>
    <key alias="releaseDate">Publish at</key>
    <key alias="unpublishDate">Unpublish at</key>
    <key alias="removeDate">Clear Date</key>
    <key alias="sortDone">Sortorder is updated</key>
    <key alias="sortHelp">To sort the nodes, simply drag the nodes or click one of the column headers. You can select multiple nodes by holding the "shift" or "control" key while selecting</key>
    <key alias="statistics">Statistics</key>
    <key alias="titleOptional">Title (optional)</key>
    <key alias="altTextOptional">Alternative text (optional)</key>
    <key alias="type">Type</key>
    <key alias="unPublish">Unpublish</key>
    <key alias="updateDate">Last edited</key>
    <key alias="updateDateDesc" version="7.0">Date/time this document was edited</key>
    <key alias="uploadClear">Remove file(s)</key>
    <key alias="urls">Link to document</key>
    <key alias="memberof">Member of group(s)</key>
    <key alias="notmemberof">Not a member of group(s)</key>
    <key alias="childItems" version="7.0">Child items</key>
    <key alias="target" version="7.0">Target</key>
  </area>
  <area alias="media">
    <key alias="clickToUpload">Click to upload</key>
    <key alias="dropFilesHere">Drop your files here...</key>
  </area>
  <area alias="create">
    <key alias="chooseNode">Where do you want to create the new %0%</key>
    <key alias="createUnder">Create an item under</key>
    <key alias="updateData">Choose a type and a title</key>
    <key alias="noDocumentTypes" version="7.0"><![CDATA[There are no allowed document types available. You must enable these in the settings section under <strong>"document types"</strong>.]]></key>
    <key alias="noMediaTypes" version="7.0"><![CDATA[There are no allowed media types available. You must enable these in the settings section under <strong>"media types"</strong>.]]></key>
  </area>
  <area alias="dashboard">
    <key alias="browser">Browse your website</key>
    <key alias="dontShowAgain">- Hide</key>
    <key alias="nothinghappens">If Umbraco isn't opening, you might need to allow popups from this site</key>
    <key alias="openinnew">has opened in a new window</key>
    <key alias="restart">Restart</key>
    <key alias="visit">Visit</key>
    <key alias="welcome">Welcome</key>
  </area>
  <area alias="defaultdialogs">
    <key alias="anchorInsert">Name</key>
    <key alias="assignDomain">Manage hostnames</key>
    <key alias="closeThisWindow">Close this window</key>
    <key alias="confirmdelete">Are you sure you want to delete</key>
    <key alias="confirmdisable">Are you sure you want to disable</key>
    <key alias="confirmEmptyTrashcan">Please check this box to confirm deletion of %0% item(s)</key>
    <key alias="confirmlogout">Are you sure?</key>
    <key alias="confirmSure">Are you sure?</key>
    <key alias="cut">Cut</key>
    <key alias="editdictionary">Edit Dictionary Item</key>
    <key alias="editlanguage">Edit Language</key>
    <key alias="insertAnchor">Insert local link</key>
    <key alias="insertCharacter">Insert character</key>
    <key alias="insertgraphicheadline">Insert graphic headline</key>
    <key alias="insertimage">Insert picture</key>
    <key alias="insertlink">Insert link</key>
    <key alias="insertMacro">Click to add a Macro</key>
    <key alias="inserttable">Insert table</key>
    <key alias="lastEdited">Last Edited</key>
    <key alias="link">Link</key>
    <key alias="linkinternal">Internal link:</key>
    <key alias="linklocaltip">When using local links, insert "#" in front of link</key>
    <key alias="linknewwindow">Open in new window?</key>
    <key alias="macroContainerSettings">Macro Settings</key>
    <key alias="macroDoesNotHaveProperties">This macro does not contain any properties you can edit</key>
    <key alias="paste">Paste</key>
    <key alias="permissionsEdit">Edit Permissions for</key>
    <key alias="recycleBinDeleting">The items in the recycle bin are now being deleted. Please do not close this window while this operation takes place</key>
    <key alias="recycleBinIsEmpty">The recycle bin is now empty</key>
    <key alias="recycleBinWarning">When items are deleted from the recycle bin, they will be gone forever</key>
    <key alias="regexSearchError"><![CDATA[<a target='_blank' href='http://regexlib.com'>regexlib.com</a>'s webservice is currently experiencing some problems, which we have no control over. We are very sorry for this inconvenience.]]></key>
    <key alias="regexSearchHelp">Search for a regular expression to add validation to a form field. Example: 'email, 'zip-code' 'url'</key>
    <key alias="removeMacro">Remove Macro</key>
    <key alias="requiredField">Required Field</key>
    <key alias="sitereindexed">Site is reindexed</key>
    <key alias="siterepublished">The website cache has been refreshed. All publish content is now up to date. While all unpublished content is still unpublished</key>
    <key alias="siterepublishHelp">The website cache will be refreshed. All published content will be updated, while unpublished content will stay unpublished.</key>
    <key alias="tableColumns">Number of columns</key>
    <key alias="tableRows">Number of rows</key>
    <key alias="templateContentAreaHelp"><![CDATA[<strong>Set a placeholder id</strong> by setting an ID on your placeholder you can inject content into this template from child templates,
      by referring this ID using a <code>&lt;asp:content /&gt;</code> element.]]></key>
    <key alias="templateContentPlaceHolderHelp"><![CDATA[<strong>Select a placeholder id</strong> from the list below. You can only
      choose Id's from the current template's master.]]></key>
    <key alias="thumbnailimageclickfororiginal">Click on the image to see full size</key>
    <key alias="treepicker">Pick item</key>
    <key alias="viewCacheItem">View Cache Item</key>
  </area>
  <area alias="dictionaryItem">
    <key alias="description"><![CDATA[
      Edit the different language versions for the dictionary item '<em>%0%</em>' below<br/>You can add additional languages under the 'languages' in the menu on the left
   ]]></key>
    <key alias="displayName">Culture Name</key>
  </area>
  <area alias="placeholders">
    <key alias="username">Enter your username</key>
    <key alias="password">Enter your password</key>
    <key alias="nameentity">Name the %0%...</key>
    <key alias="entername">Enter a name...</key>
    <key alias="search">Type to search...</key>
    <key alias="filter">Type to filter...</key>
    <key alias="enterTags">Type to add tags (press enter after each tag)...</key>
  </area>
  <area alias="editcontenttype">
    <key alias="allowAtRoot" version="7.2">Allow at root</key>
    <key alias="allowAtRootDesc" version="7.2">Only Content Types with this checked can be created at the root level of Content and Media trees</key>
    <key alias="allowedchildnodetypes">Allowed child node types</key>
    <key alias="contenttypecompositions">Document Type Compositions</key>
    <key alias="create">Create</key>
    <key alias="deletetab">Delete tab</key>
    <key alias="description">Description</key>
    <key alias="newtab">New tab</key>
    <key alias="tab">Tab</key>
    <key alias="thumbnail">Thumbnail</key>
    <key alias="hasListView">Enable list view</key>
    <key alias="hasListViewDesc" version="7.2">Configures the content item to show a sortable &amp; searchable list of its children, the children will not be shown in the tree</key>
    <key alias="currentListView" version="7.2">Current list view</key>
    <key alias="currentListViewDesc" version="7.2">The active list view data type</key>
    <key alias="createListView" version="7.2">Create custom list view</key>
    <key alias="removeListView" version="7.2">Remove custom list view</key>
  </area>
  <area alias="editdatatype">
    <key alias="addPrevalue">Add prevalue</key>
    <key alias="dataBaseDatatype">Database datatype</key>
    <key alias="guid">Property editor GUID</key>
    <key alias="renderControl">Property editor</key>
    <key alias="rteButtons">Buttons</key>
    <key alias="rteEnableAdvancedSettings">Enable advanced settings for</key>
    <key alias="rteEnableContextMenu">Enable context menu</key>
    <key alias="rteMaximumDefaultImgSize">Maximum default size of inserted images</key>
    <key alias="rteRelatedStylesheets">Related stylesheets</key>
    <key alias="rteShowLabel">Show label</key>
    <key alias="rteWidthAndHeight">Width and height</key>
  </area>
  <area alias="errorHandling">
    <key alias="errorButDataWasSaved">Your data has been saved, but before you can publish this page there are some errors you need to fix first:</key>
    <key alias="errorChangingProviderPassword">The current membership provider does not support changing password (EnablePasswordRetrieval need to be true)</key>
    <key alias="errorExistsWithoutTab">%0% already exists</key>
    <key alias="errorHeader">There were errors:</key>
    <key alias="errorHeaderWithoutTab">There were errors:</key>
    <key alias="errorInPasswordFormat">The password should be a minimum of %0% characters long and contain at least %1% non-alpha numeric character(s)</key>
    <key alias="errorIntegerWithoutTab">%0% must be an integer</key>
    <key alias="errorMandatory">The %0% field in the %1% tab is mandatory</key>
    <key alias="errorMandatoryWithoutTab">%0% is a mandatory field</key>
    <key alias="errorRegExp">%0% at %1% is not in a correct format</key>
    <key alias="errorRegExpWithoutTab">%0% is not in a correct format</key>
  </area>
  <area alias="errors">
    <key alias="dissallowedMediaType">The specified file type has been disallowed by the administrator</key>
    <key alias="codemirroriewarning">NOTE! Even though CodeMirror is enabled by configuration, it is disabled in Internet Explorer because it's not stable enough.</key>
    <key alias="contentTypeAliasAndNameNotNull">Please fill both alias and name on the new property type!</key>
    <key alias="filePermissionsError">There is a problem with read/write access to a specific file or folder</key>
    <key alias="missingTitle">Please enter a title</key>
    <key alias="missingType">Please choose a type</key>
    <key alias="pictureResizeBiggerThanOrg">You're about to make the picture larger than the original size. Are you sure that you want to proceed?</key>
    <key alias="pythonErrorHeader">Error in python script</key>
    <key alias="pythonErrorText">The python script has not been saved, because it contained error(s)</key>
    <key alias="startNodeDoesNotExists">Startnode deleted, please contact your administrator</key>
    <key alias="stylesMustMarkBeforeSelect">Please mark content before changing style</key>
    <key alias="stylesNoStylesOnPage">No active styles available</key>
    <key alias="tableColMergeLeft">Please place cursor at the left of the two cells you wish to merge</key>
    <key alias="tableSplitNotSplittable">You cannot split a cell that hasn't been merged.</key>
    <key alias="xsltErrorHeader">Error in XSLT source</key>
    <key alias="xsltErrorText">The XSLT has not been saved, because it contained error(s)</key>
    <key alias="missingPropertyEditorErrorMessage">There is a configuration error with the data type used for this property, please check the data type</key>
  </area>
  <area alias="general">
    <key alias="about">About</key>
    <key alias="action">Action</key>
    <key alias="actions">Actions</key>
    <key alias="add">Add</key>
    <key alias="alias">Alias</key>
    <key alias="areyousure">Are you sure?</key>
    <key alias="border">Border</key>
    <key alias="by">by</key>
    <key alias="cancel">Cancel</key>
    <key alias="cellMargin">Cell margin</key>
    <key alias="choose">Choose</key>
    <key alias="close">Close</key>
    <key alias="closewindow">Close Window</key>
    <key alias="comment">Comment</key>
    <key alias="confirm">Confirm</key>
    <key alias="constrainProportions">Constrain proportions</key>
    <key alias="continue">Continue</key>
    <key alias="copy">Copy</key>
    <key alias="create">Create</key>
    <key alias="database">Database</key>
    <key alias="date">Date</key>
    <key alias="default">Default</key>
    <key alias="delete">Delete</key>
    <key alias="deleted">Deleted</key>
    <key alias="deleting">Deleting...</key>
    <key alias="design">Design</key>
    <key alias="dimensions">Dimensions</key>
    <key alias="down">Down</key>
    <key alias="download">Download</key>
    <key alias="edit">Edit</key>
    <key alias="edited">Edited</key>
    <key alias="elements">Elements</key>
    <key alias="email">Email</key>
    <key alias="error">Error</key>
    <key alias="findDocument">Find</key>
    <key alias="height">Height</key>
    <key alias="help">Help</key>
    <key alias="icon">Icon</key>
    <key alias="import">Import</key>
    <key alias="innerMargin">Inner margin</key>
    <key alias="insert">Insert</key>
    <key alias="install">Install</key>
    <key alias="justify">Justify</key>
    <key alias="language">Language</key>
    <key alias="layout">Layout</key>
    <key alias="loading">Loading</key>
    <key alias="locked">Locked</key>
    <key alias="login">Login</key>
    <key alias="logoff">Log off</key>
    <key alias="logout">Logout</key>
    <key alias="macro">Macro</key>
    <key alias="move">Move</key>
    <key alias="more">More</key>
    <key alias="name">Name</key>
    <key alias="new">New</key>
    <key alias="next">Next</key>
    <key alias="no">No</key>
    <key alias="of">of</key>
    <key alias="ok">OK</key>
    <key alias="open">Open</key>
    <key alias="or">or</key>
    <key alias="password">Password</key>
    <key alias="path">Path</key>
    <key alias="placeHolderID">Placeholder ID</key>
    <key alias="pleasewait">One moment please...</key>
    <key alias="previous">Previous</key>
    <key alias="properties">Properties</key>
    <key alias="reciept">Email to receive form data</key>
    <key alias="recycleBin">Recycle Bin</key>
    <key alias="remaining">Remaining</key>
    <key alias="rename">Rename</key>
    <key alias="renew">Renew</key>
    <key alias="required" version="7.0">Required</key>
    <key alias="retry">Retry</key>
    <key alias="rights">Permissions</key>
    <key alias="search">Search</key>
    <key alias="server">Server</key>
    <key alias="show">Show</key>
    <key alias="showPageOnSend">Show page on Send</key>
    <key alias="size">Size</key>
    <key alias="sort">Sort</key>
    <key alias="type">Type</key>
    <key alias="typeToSearch">Type to search...</key>
    <key alias="up">Up</key>
    <key alias="update">Update</key>
    <key alias="upgrade">Upgrade</key>
    <key alias="upload">Upload</key>
    <key alias="url">Url</key>
    <key alias="user">User</key>
    <key alias="username">Username</key>
    <key alias="value">Value</key>
    <key alias="view">View</key>
    <key alias="welcome">Welcome...</key>
    <key alias="width">Width</key>
    <key alias="yes">Yes</key>
    <key alias="folder">Folder</key>
    <key alias="searchResults">Search results</key>
  </area>
  <area alias="graphicheadline">
    <key alias="backgroundcolor">Background colour</key>
    <key alias="bold">Bold</key>
    <key alias="color">Text colour</key>
    <key alias="font">Font</key>
    <key alias="text">Text</key>
  </area>
  <area alias="headers">
    <key alias="page">Page</key>
  </area>
  <area alias="installer">
    <key alias="databaseErrorCannotConnect">The installer cannot connect to the database.</key>
    <key alias="databaseErrorWebConfig">Could not save the web.config file. Please modify the connection string manually.</key>
    <key alias="databaseFound">Your database has been found and is identified as</key>
    <key alias="databaseHeader">Database configuration</key>
    <key alias="databaseInstall"><![CDATA[
      Press the <strong>install</strong> button to install the Umbraco %0% database
    ]]></key>
    <key alias="databaseInstallDone"><![CDATA[Umbraco %0% has now been copied to your database. Press <strong>Next</strong> to proceed.]]></key>
    <key alias="databaseNotFound"><![CDATA[<p>Database not found! Please check that the information in the "connection string" of the "web.config" file is correct.</p>
              <p>To proceed, please edit the "web.config" file (using Visual Studio or your favourite text editor), scroll to the bottom, add the connection string for your database in the key named "UmbracoDbDSN" and save the file. </p>
              <p>
              Click the <strong>retry</strong> button when 
              done.<br /><a href="http://our.umbraco.org/documentation/Using-Umbraco/Config-files/webconfig7" target="_blank">
			              More information on editing web.config here.</a></p>]]></key>
    <key alias="databaseText"><![CDATA[To complete this step, you must know some information regarding your database server ("connection string").<br />
        Please contact your ISP if necessary.
        If you're installing on a local machine or server you might need information from your system administrator.]]></key>
    <key alias="databaseUpgrade"><![CDATA[
      <p>
      Press the <strong>upgrade</strong> button to upgrade your database to Umbraco %0%</p>
      <p>
      Don't worry - no content will be deleted and everything will continue working afterwards!
      </p>    
      ]]></key>
    <key alias="databaseUpgradeDone"><![CDATA[Your database has been upgraded to the final version %0%.<br />Press <strong>Next</strong> to 
      proceed. ]]></key>
    <key alias="databaseUpToDate"><![CDATA[Your current database is up-to-date!. Click <strong>next</strong> to continue the configuration wizard]]></key>
    <key alias="defaultUserChangePass"><![CDATA[<strong>The Default users' password needs to be changed!</strong>]]></key>
    <key alias="defaultUserDisabled"><![CDATA[<strong>The Default user has been disabled or has no access to Umbraco!</strong></p><p>No further actions needs to be taken. Click <b>Next</b> to proceed.]]></key>
    <key alias="defaultUserPassChanged"><![CDATA[<strong>The Default user's password has been successfully changed since the installation!</strong></p><p>No further actions needs to be taken. Click <strong>Next</strong> to proceed.]]></key>
    <key alias="defaultUserPasswordChanged">The password is changed!</key>
    <key alias="defaultUserText"><![CDATA[
        <p>
          Umbraco creates a default user with a login <strong>('admin')</strong> and password <strong>('default')</strong>. It's <strong>important</strong> that the password is 
          changed to something unique.
        </p>
        <p>
          This step will check the default user's password and suggest if it needs to be changed.
        </p>
      ]]></key>
    <key alias="greatStart">Get a great start, watch our introduction videos</key>
    <key alias="licenseText">By clicking the next button (or modifying the umbracoConfigurationStatus in web.config), you accept the license for this software as specified in the box below. Notice that this Umbraco distribution consists of two different licenses, the open source MIT license for the framework and the Umbraco freeware license that covers the UI.</key>
    <key alias="None">Not installed yet.</key>
    <key alias="permissionsAffectedFolders">Affected files and folders</key>
    <key alias="permissionsAffectedFoldersMoreInfo">More information on setting up permissions for Umbraco here</key>
    <key alias="permissionsAffectedFoldersText">You need to grant ASP.NET modify permissions to the following files/folders</key>
    <key alias="permissionsAlmostPerfect"><![CDATA[<strong>Your permission settings are almost perfect!</strong><br /><br />
        You can run Umbraco without problems, but you will not be able to install packages which are recommended to take full advantage of Umbraco.]]></key>
    <key alias="permissionsHowtoResolve">How to Resolve</key>
    <key alias="permissionsHowtoResolveLink">Click here to read the text version</key>
    <key alias="permissionsHowtoResolveText"><![CDATA[Watch our <strong>video tutorial</strong> on setting up folder permissions for Umbraco or read the text version.]]></key>
    <key alias="permissionsMaybeAnIssue"><![CDATA[<strong>Your permission settings might be an issue!</strong>
      <br/><br />
      You can run Umbraco without problems, but you will not be able to create folders or install packages which are recommended to take full advantage of Umbraco.]]></key>
    <key alias="permissionsNotReady"><![CDATA[<strong>Your permission settings are not ready for Umbraco!</strong>
          <br /><br />
          In order to run Umbraco, you'll need to update your permission settings.]]></key>
    <key alias="permissionsPerfect"><![CDATA[<strong>Your permission settings are perfect!</strong><br /><br />
              You are ready to run Umbraco and install packages!]]></key>
    <key alias="permissionsResolveFolderIssues">Resolving folder issue</key>
    <key alias="permissionsResolveFolderIssuesLink">Follow this link for more information on problems with ASP.NET and creating folders</key>
    <key alias="permissionsSettingUpPermissions">Setting up folder permissions</key>
    <key alias="permissionsText"><![CDATA[
      Umbraco needs write/modify access to certain directories in order to store files like pictures and PDF's.
      It also stores temporary data (aka: cache) for enhancing the performance of your website.
    ]]></key>
    <key alias="runwayFromScratch">I want to start from scratch</key>
    <key alias="runwayFromScratchText"><![CDATA[
        Your website is completely empty at the moment, so that's perfect if you want to start from scratch and create your own document types and templates. 
        (<a href="http://Umbraco.tv/documentation/videos/for-site-builders/foundation/document-types">learn how</a>)
        You can still choose to install Runway later on. Please go to the Developer section and choose Packages.
      ]]></key>
    <key alias="runwayHeader">You've just set up a clean Umbraco platform. What do you want to do next?</key>
    <key alias="runwayInstalled">Runway is installed</key>
    <key alias="runwayInstalledText"><![CDATA[
      You have the foundation in place. Select what modules you wish to install on top of it.<br />
      This is our list of recommended modules, check off the ones you would like to install, or view the <a href="#" onclick="toggleModules(); return false;" id="toggleModuleList">full list of modules</a>
      ]]></key>
    <key alias="runwayOnlyProUsers">Only recommended for experienced users</key>
    <key alias="runwaySimpleSite">I want to start with a simple website</key>
    <key alias="runwaySimpleSiteText"><![CDATA[
      <p>
      "Runway" is a simple website providing some basic document types and templates. The installer can set up Runway for you automatically, 
        but you can easily edit, extend or remove it. It's not necessary and you can perfectly use Umbraco without it. However, 
        Runway offers an easy foundation based on best practices to get you started faster than ever.
        If you choose to install Runway, you can optionally select basic building blocks called Runway Modules to enhance your Runway pages.
        </p>
        <small>
        <em>Included with Runway:</em> Home page, Getting Started page, Installing Modules page.<br />
        <em>Optional Modules:</em> Top Navigation, Sitemap, Contact, Gallery.
        </small>
      ]]></key>
    <key alias="runwayWhatIsRunway">What is Runway</key>
    <key alias="step1">Step 1/5 Accept license</key>
    <key alias="step2">Step 2/5: Database configuration</key>
    <key alias="step3">Step 3/5: Validating File Permissions</key>
    <key alias="step4">Step 4/5: Check Umbraco security</key>
    <key alias="step5">Step 5/5: Umbraco is ready to get you started</key>
    <key alias="thankYou">Thank you for choosing Umbraco</key>
    <key alias="theEndBrowseSite"><![CDATA[<h3>Browse your new site</h3>
You installed Runway, so why not see how your new website looks.]]></key>
    <key alias="theEndFurtherHelp"><![CDATA[<h3>Further help and information</h3>
Get help from our award winning community, browse the documentation or watch some free videos on how to build a simple site, how to use packages and a quick guide to the Umbraco terminology]]></key>
    <key alias="theEndHeader">Umbraco %0% is installed and ready for use</key>
    <key alias="theEndInstallFailed"><![CDATA[To finish the installation, you'll need to 
        manually edit the <strong>/web.config file</strong> and update the AppSetting key <strong>UmbracoConfigurationStatus</strong> in the bottom to the value of <strong>'%0%'</strong>.]]></key>
    <key alias="theEndInstallSuccess"><![CDATA[You can get <strong>started instantly</strong> by clicking the "Launch Umbraco" button below. <br />If you are <strong>new to Umbraco</strong>, 
you can find plenty of resources on our getting started pages.]]></key>
    <key alias="theEndOpenUmbraco"><![CDATA[<h3>Launch Umbraco</h3>
To manage your website, simply open the Umbraco back office and start adding content, updating the templates and stylesheets or add new functionality]]></key>
    <key alias="Unavailable">Connection to database failed.</key>
    <key alias="Version3">Umbraco Version 3</key>
    <key alias="Version4">Umbraco Version 4</key>
    <key alias="watch">Watch</key>
    <key alias="welcomeIntro"><![CDATA[This wizard will guide you through the process of configuring <strong>Umbraco %0%</strong> for a fresh install or upgrading from version 3.0.
                                <br /><br />
                                Press <strong>"next"</strong> to start the wizard.]]></key>
  </area>
  <area alias="language">
    <key alias="cultureCode">Culture Code</key>
    <key alias="displayName">Culture Name</key>
  </area>
  <area alias="lockout">
    <key alias="lockoutWillOccur">You've been idle and logout will automatically occur in</key>
    <key alias="renewSession">Renew now to save your work</key>
  </area>
  <area alias="login">
    <key alias="greeting0">Happy super Sunday</key>
    <key alias="greeting1">Happy manic Monday </key>
    <key alias="greeting2">Happy tubular Tuesday</key>
    <key alias="greeting3">Happy wonderful Wednesday</key>
    <key alias="greeting4">Happy thunderous Thursday</key>
    <key alias="greeting5">Happy funky Friday</key>
    <key alias="greeting6">Happy Caturday</key>
    <key alias="instruction">Log in below</key>
    <key alias="timeout">Session timed out</key>
    <key alias="bottomText"><![CDATA[<p style="text-align:right;">&copy; 2001 - %0% <br /><a href="http://umbraco.com" style="text-decoration: none" target="_blank">Umbraco.com</a></p> ]]></key>
  </area>
  <area alias="main">
    <key alias="dashboard">Dashboard</key>
    <key alias="sections">Sections</key>
    <key alias="tree">Content</key>
  </area>
  <area alias="moveOrCopy">
    <key alias="choose">Choose page above...</key>
    <key alias="copyDone">%0% has been copied to %1%</key>
    <key alias="copyTo">Select where the document %0% should be copied to below</key>
    <key alias="moveDone">%0% has been moved to %1%</key>
    <key alias="moveTo">Select where the document %0% should be moved to below</key>
    <key alias="nodeSelected">has been selected as the root of your new content, click 'ok' below.</key>
    <key alias="noNodeSelected">No node selected yet, please select a node in the list above before clicking 'ok'</key>
    <key alias="notAllowedByContentType">The current node is not allowed under the chosen node because of its type</key>
    <key alias="notAllowedByPath">The current node cannot be moved to one of its subpages</key>
    <key alias="notAllowedAtRoot">The current node cannot exist at the root</key>
    <key alias="notValid">The action isn't allowed since you have insufficient permissions on 1 or more child documents.</key>
    <key alias="relateToOriginal">Relate copied items to original</key>
  </area>
  <area alias="notifications">
    <key alias="editNotifications">Edit your notification for %0%</key>
    <key alias="mailBody"><![CDATA[
      Hi %0%

      This is an automated mail to inform you that the task '%1%'
      has been performed on the page '%2%'
      by the user '%3%'

      Go to http://%4%/#/content/content/edit/%5% to edit.

      Have a nice day!

      Cheers from the Umbraco robot
    ]]></key>
    <key alias="mailBodyHtml"><![CDATA[<p>Hi %0%</p>

		  <p>This is an automated mail to inform you that the task <strong>'%1%'</strong> 
		  has been performed on the page <a href="http://%4%/#/content/content/edit/%5%"><strong>'%2%'</strong></a>
		  by the user <strong>'%3%'</strong>
	  </p>
		  <div style="margin: 8px 0; padding: 8px; display: block;">
				<br />
				<a style="color: white; font-weight: bold; background-color: #5372c3; text-decoration : none; margin-right: 20px; border: 8px solid #5372c3; width: 150px;" href="http://%4%/#/content/content/edit/%5%">&nbsp;&nbsp;&nbsp;&nbsp;&nbsp;EDIT&nbsp;&nbsp;&nbsp;&nbsp;&nbsp;</a> &nbsp; 
				<br />
		  </div>
		  <p>
			  <h3>Update summary:</h3>
			  <table style="width: 100%;">
						   %6%
				</table>
			 </p>

		  <div style="margin: 8px 0; padding: 8px; display: block;">
				<br />
				<a style="color: white; font-weight: bold; background-color: #5372c3; text-decoration : none; margin-right: 20px; border: 8px solid #5372c3; width: 150px;" href="http://%4%/#/content/content/edit/%5%">&nbsp;&nbsp;&nbsp;&nbsp;&nbsp;EDIT&nbsp;&nbsp;&nbsp;&nbsp;&nbsp;</a> &nbsp; 
				<br />
		  </div>

		  <p>Have a nice day!<br /><br />
			  Cheers from the Umbraco robot
		  </p>]]></key>
    <key alias="mailSubject">[%0%] Notification about %1% performed on %2%</key>
    <key alias="notifications">Notifications</key>
  </area>
  <area alias="packager">
    <key alias="chooseLocalPackageText"><![CDATA[
      Choose Package from your machine, by clicking the Browse<br />
         button and locating the package. Umbraco packages usually have a ".umb" or ".zip" extension.
      ]]></key>
    <key alias="packageAuthor">Author</key>
    <key alias="packageDemonstration">Demonstration</key>
    <key alias="packageDocumentation">Documentation</key>
    <key alias="packageMetaData">Package meta data</key>
    <key alias="packageName">Package name</key>
    <key alias="packageNoItemsHeader">Package doesn't contain any items</key>
    <key alias="packageNoItemsText"><![CDATA[This package file doesn't contain any items to uninstall.<br/><br/>
      You can safely remove this from the system by clicking "uninstall package" below.]]></key>
    <key alias="packageNoUpgrades">No upgrades available</key>
    <key alias="packageOptions">Package options</key>
    <key alias="packageReadme">Package readme</key>
    <key alias="packageRepository">Package repository</key>
    <key alias="packageUninstallConfirm">Confirm uninstall</key>
    <key alias="packageUninstalledHeader">Package was uninstalled</key>
    <key alias="packageUninstalledText">The package was successfully uninstalled</key>
    <key alias="packageUninstallHeader">Uninstall package</key>
    <key alias="packageUninstallText"><![CDATA[You can unselect items you do not wish to remove, at this time, below. When you click "confirm uninstall" all checked-off items will be removed.<br />
      <span style="color: Red; font-weight: bold;">Notice:</span> any documents, media etc depending on the items you remove, will stop working, and could lead to system instability,
      so uninstall with caution. If in doubt, contact the package author.]]></key>
    <key alias="packageUpgradeDownload">Download update from the repository</key>
    <key alias="packageUpgradeHeader">Upgrade package</key>
    <key alias="packageUpgradeInstructions">Upgrade instructions</key>
    <key alias="packageUpgradeText"> There's an upgrade available for this package. You can download it directly from the Umbraco package repository.</key>
    <key alias="packageVersion">Package version</key>
    <key alias="packageVersionHistory">Package version history</key>
    <key alias="viewPackageWebsite">View package website</key>
  </area>
  <area alias="paste">
    <key alias="doNothing">Paste with full formatting (Not recommended)</key>
    <key alias="errorMessage">The text you're trying to paste contains special characters or formatting. This could be caused by copying text from Microsoft Word. Umbraco can remove special characters or formatting automatically, so the pasted content will be more suitable for the web.</key>
    <key alias="removeAll">Paste as raw text without any formatting at all</key>
    <key alias="removeSpecialFormattering">Paste, but remove formatting (Recommended)</key>
  </area>
  <area alias="publicAccess">
    <key alias="paAdvanced">Role based protection</key>
    <key alias="paAdvancedHelp"><![CDATA[If you wish to control access to the page using role-based authentication,<br /> using Umbraco's member groups.]]></key>
    <key alias="paAdvancedNoGroups"><![CDATA[You need to create a membergroup before you can use <br />role-based authentication.]]></key>
    <key alias="paErrorPage">Error Page</key>
    <key alias="paErrorPageHelp">Used when people are logged on, but do not have access</key>
    <key alias="paHowWould">Choose how to restrict access to this page</key>
    <key alias="paIsProtected">%0% is now protected</key>
    <key alias="paIsRemoved">Protection removed from %0%</key>
    <key alias="paLoginPage">Login Page</key>
    <key alias="paLoginPageHelp">Choose the page that contains the login form</key>
    <key alias="paRemoveProtection">Remove Protection</key>
    <key alias="paSelectPages">Select the pages that contain login form and error messages</key>
    <key alias="paSelectRoles">Pick the roles who have access to this page</key>
    <key alias="paSetLogin">Set the login and password for this page</key>
    <key alias="paSimple">Single user protection</key>
    <key alias="paSimpleHelp">If you just want to setup simple protection using a single login and password</key>
  </area>
  <area alias="publish">
    <key alias="contentPublishedFailedAwaitingRelease">
      <![CDATA[
      %0% could not be published because the item is scheduled for release.
    ]]>
    </key>
    <key alias="contentPublishedFailedInvalid"><![CDATA[
      %0% could not be published because these properties:  %1%  did not pass validation rules.
    ]]></key>
    <key alias="contentPublishedFailedByEvent"><![CDATA[
      %0% could not be published, a 3rd party add-in cancelled the action.
    ]]></key>
    <key alias="contentPublishedFailedByParent"><![CDATA[
      %0% can not be published, because a parent page is not published.
    ]]></key>
    <key alias="includeUnpublished">Include unpublished child pages</key>
    <key alias="inProgress">Publishing in progress - please wait...</key>
    <key alias="inProgressCounter">%0% out of %1% pages have been published...</key>
    <key alias="nodePublish">%0% has been published</key>
    <key alias="nodePublishAll">%0% and subpages have been published</key>
    <key alias="publishAll">Publish %0% and all its subpages</key>
    <key alias="publishHelp"><![CDATA[Click <em>ok</em> to publish <strong>%0%</strong> and thereby making its content publicly available.<br/><br />
      You can publish this page and all it's sub-pages by checking <em>publish all children</em> below.
      ]]></key>
  </area>
  <area alias="colorpicker">
    <key alias="noColors">You have not configured any approved colours</key>
  </area>
  <area alias="relatedlinks">
    <key alias="enterExternal">enter external link</key>
    <key alias="chooseInternal">choose internal page</key>
    <key alias="caption">Caption</key>
    <key alias="link">Link</key>
    <key alias="newWindow">New window</key>
    <key alias="captionPlaceholder">Enter a new caption</key>
    <key alias="externalLinkPlaceholder">Enter the link</key>
  </area>
  <area alias="imagecropper">
    <key alias="reset">Reset</key>
  </area>
  <area alias="rollback">
    <key alias="currentVersion">Current version</key>
    <key alias="diffHelp"><![CDATA[This shows the differences between the current version and the selected version<br /><del>Red</del> text will not be shown in the selected version. , <ins>green means added</ins>]]></key>
    <key alias="documentRolledBack">Document has been rolled back</key>
    <key alias="htmlHelp">This displays the selected version as HTML, if you wish to see the difference between 2 versions at the same time, use the diff view</key>
    <key alias="rollbackTo">Rollback to</key>
    <key alias="selectVersion">Select version</key>
    <key alias="view">View</key>
  </area>
  <area alias="scripts">
    <key alias="editscript">Edit script file</key>
  </area>
  <area alias="sections">
    <key alias="concierge">Concierge</key>
    <key alias="content">Content</key>
    <key alias="courier">Courier</key>
    <key alias="developer">Developer</key>
    <key alias="installer">Umbraco Configuration Wizard</key>
    <key alias="media">Media</key>
    <key alias="member">Members</key>
    <key alias="newsletters">Newsletters</key>
    <key alias="settings">Settings</key>
    <key alias="statistics">Statistics</key>
    <key alias="translation">Translation</key>
    <key alias="users">Users</key>
    <key alias="help" version="7.0">Help</key>
    <key alias="forms">Forms</key>
    <key alias="analytics">Analytics</key>
    <key alias="MediaEditor">Media Editor</key>
  </area>
  <area alias="settings">
    <key alias="defaulttemplate">Default template</key>
    <key alias="dictionary editor egenskab">Dictionary Key</key>
    <key alias="importDocumentTypeHelp">To import a document type, find the ".udt" file on your computer by clicking the "Browse" button and click "Import" (you'll be asked for confirmation on the next screen)</key>
    <key alias="newtabname">New Tab Title</key>
    <key alias="nodetype">Node type</key>
    <key alias="objecttype">Type</key>
    <key alias="stylesheet">Stylesheet</key>
    <key alias="script">Script</key>
    <key alias="stylesheet editor egenskab">Stylesheet property</key>
    <key alias="tab">Tab</key>
    <key alias="tabname">Tab Title</key>
    <key alias="tabs">Tabs</key>
    <key alias="contentTypeEnabled">Master Content Type enabled</key>
    <key alias="contentTypeUses">This Content Type uses</key>
    <key alias="asAContentMasterType">as a Master Content Type. Tabs from Master Content Types are not shown and can only be edited on the Master Content Type itself</key>
    <key alias="noPropertiesDefinedOnTab">No properties defined on this tab. Click on the "add a new property" link at the top to create a new property.</key>
    <key alias="masterDocumentType">Master Document Type</key>
    <key alias="createMatchingTemplate">Create matching template</key>
  </area>
  <area alias="sort">
    <key alias="sortDone">Sorting complete.</key>
    <key alias="sortHelp">Drag the different items up or down below to set how they should be arranged. Or click the column headers to sort the entire collection of items</key>
    <key alias="sortPleaseWait"><![CDATA[ Please wait. Items are being sorted, this can take a while.<br/> <br/> Do not close this window during sorting]]></key>
  </area>
  <area alias="speechBubbles">
    <key alias="contentPublishedFailedByEvent">Publishing was cancelled by a 3rd party add-in</key>
    <key alias="contentTypeDublicatePropertyType">Property type already exists</key>
    <key alias="contentTypePropertyTypeCreated">Property type created</key>
    <key alias="contentTypePropertyTypeCreatedText"><![CDATA[Name: %0% <br /> DataType: %1%]]></key>
    <key alias="contentTypePropertyTypeDeleted">Propertytype deleted</key>
    <key alias="contentTypeSavedHeader">Document Type saved</key>
    <key alias="contentTypeTabCreated">Tab created</key>
    <key alias="contentTypeTabDeleted">Tab deleted</key>
    <key alias="contentTypeTabDeletedText">Tab with id: %0% deleted</key>
    <key alias="cssErrorHeader">Stylesheet not saved</key>
    <key alias="cssSavedHeader">Stylesheet saved</key>
    <key alias="cssSavedText">Stylesheet saved without any errors</key>
    <key alias="dataTypeSaved">Datatype saved</key>
    <key alias="dictionaryItemSaved">Dictionary item saved</key>
    <key alias="editContentPublishedFailedByParent">Publishing failed because the parent page isn't published</key>
    <key alias="editContentPublishedHeader">Content published</key>
    <key alias="editContentPublishedText">and visible at the website</key>
    <key alias="editContentSavedHeader">Content saved</key>
    <key alias="editContentSavedText">Remember to publish to make changes visible</key>
    <key alias="editContentSendToPublish">Sent For Approval</key>
    <key alias="editContentSendToPublishText">Changes have been sent for approval</key>
    <key alias="editMediaSaved">Media saved</key>
    <key alias="editMediaSavedText">Media saved without any errors</key>
    <key alias="editMemberSaved">Member saved</key>
    <key alias="editStylesheetPropertySaved">Stylesheet Property Saved</key>
    <key alias="editStylesheetSaved">Stylesheet saved</key>
    <key alias="editTemplateSaved">Template saved</key>
    <key alias="editUserError">Error saving user (check log)</key>
    <key alias="editUserSaved">User Saved</key>
    <key alias="editUserTypeSaved">User type saved</key>
    <key alias="fileErrorHeader">File not saved</key>
    <key alias="fileErrorText">file could not be saved. Please check file permissions</key>
    <key alias="fileSavedHeader">File saved</key>
    <key alias="fileSavedText">File saved without any errors</key>
    <key alias="languageSaved">Language saved</key>
    <key alias="pythonErrorHeader">Python script not saved</key>
    <key alias="pythonErrorText">Python script could not be saved due to error</key>
    <key alias="pythonSavedHeader">Python script saved</key>
    <key alias="pythonSavedText">No errors in python script</key>
    <key alias="templateErrorHeader">Template not saved</key>
    <key alias="templateErrorText">Please make sure that you do not have 2 templates with the same alias</key>
    <key alias="templateSavedHeader">Template saved</key>
    <key alias="templateSavedText">Template saved without any errors!</key>
    <key alias="xsltErrorHeader">XSLT not saved</key>
    <key alias="xsltErrorText">XSLT contained an error</key>
    <key alias="xsltPermissionErrorText">XSLT could not be saved, check file permissions</key>
    <key alias="xsltSavedHeader">XSLT saved</key>
    <key alias="xsltSavedText">No errors in XSLT</key>
    <key alias="contentUnpublished">Content unpublished</key>
    <key alias="partialViewSavedHeader">Partial view saved</key>
    <key alias="partialViewSavedText">Partial view saved without any errors!</key>
    <key alias="partialViewErrorHeader">Partial view not saved</key>
    <key alias="partialViewErrorText">An error occurred saving the file.</key>
  </area>
  <area alias="stylesheet">
    <key alias="aliasHelp">Uses CSS syntax ex: h1, .redHeader, .blueTex</key>
    <key alias="editstylesheet">Edit stylesheet</key>
    <key alias="editstylesheetproperty">Edit stylesheet property</key>
    <key alias="nameHelp">Name to identify the style property in the rich text editor  </key>
    <key alias="preview">Preview</key>
    <key alias="styles">Styles</key>
  </area>
  <area alias="template">
    <key alias="edittemplate">Edit template</key>
    <key alias="insertContentArea">Insert content area</key>
    <key alias="insertContentAreaPlaceHolder">Insert content area placeholder</key>
    <key alias="insertDictionaryItem">Insert dictionary item</key>
    <key alias="insertMacro">Insert Macro</key>
    <key alias="insertPageField">Insert Umbraco page field</key>
    <key alias="mastertemplate">Master template</key>
    <key alias="quickGuide">Quick Guide to Umbraco template tags</key>
    <key alias="template">Template</key>
  </area>

  <area alias="grid">
    <key alias="insertControl">Insert control</key>
    <key alias="addRows">Choose a layout for the page</key>
    <key alias="addElement"><![CDATA[To start, click the <i class="icon icon-add blue"></i> below and add your first element]]></key>

    <key alias="clickToEmbed">Click to embed</key>
    <key alias="clickToInsertImage">Click to insert image</key>
    <key alias="placeholderImageCaption">Image caption...</key>
    <key alias="placeholderWriteHere">Write here...</key>
    
    <key alias="gridLayouts">Grid layouts</key>
    <key alias="gridLayoutsDetail">Layouts are the overall work area for the grid editor, usually you only need one or two different layouts</key>
    <key alias="addGridLayout">Add grid layout</key>
    <key alias="addGridLayoutDetail">Adjust the layout by setting column widths and adding additional sections</key>
    
    <key alias="rowConfigurations">Row configurations</key>
    <key alias="rowConfigurationsDetail">Rows are predefined cells arranged horizontally</key>
    <key alias="addRowConfiguration">Add row configuration</key>
    <key alias="addRowConfigurationDetail">Adjust the row by setting cell widths and adding additional cells</key>

    <key alias="columns">Columns</key>
    <key alias="columnsDetails">Total combined number of columns in the grid layout</key>
    
    <key alias="settings">Settings</key>
    <key alias="settingsDetails">Configure what settings editors can change</key>


    <key alias="styles">Styles</key>
    <key alias="stylesDetails">Configure what styling editors can change</key>

    <key alias="settingDialogDetails">Settings will only save if the entered json configuration is valid</key>

    <key alias="allowAllEditors">Allow all editors</key>
    <key alias="allowAllRowConfigurations">Allow all row configurations</key>
  </area>

  <area alias="templateEditor">
    <key alias="alternativeField">Alternative field</key>
    <key alias="alternativeText">Alternative Text</key>
    <key alias="casing">Casing</key>
    <key alias="encoding">Encoding</key>
    <key alias="chooseField">Choose field</key>
    <key alias="convertLineBreaks">Convert line breaks</key>
    <key alias="convertLineBreaksHelp">Replaces line breaks with html-tag &amp;lt;br&amp;gt;</key>
    <key alias="customFields">Custom Fields</key>
    <key alias="dateOnly">Yes, Date only</key>
    <key alias="formatAsDate">Format as date</key>
    <key alias="htmlEncode">HTML encode</key>
    <key alias="htmlEncodeHelp">Will replace special characters by their HTML equivalent.</key>
    <key alias="insertedAfter">Will be inserted after the field value</key>
    <key alias="insertedBefore">Will be inserted before the field value</key>
    <key alias="lowercase">Lowercase</key>
    <key alias="none">None</key>
    <key alias="postContent">Insert after field</key>
    <key alias="preContent">Insert before field</key>
    <key alias="recursive">Recursive</key>
    <key alias="removeParagraph">Remove Paragraph tags</key>
    <key alias="removeParagraphHelp">Will remove any &amp;lt;P&amp;gt; in the beginning and end of the text</key>
    <key alias="standardFields">Standard Fields</key>
    <key alias="uppercase">Uppercase</key>
    <key alias="urlEncode">URL encode</key>
    <key alias="urlEncodeHelp">Will format special characters in URLs</key>
    <key alias="usedIfAllEmpty">Will only be used when the field values above are empty</key>
    <key alias="usedIfEmpty">This field will only be used if the primary field is empty</key>
    <key alias="withTime">Yes, with time. Separator: </key>
  </area>
  <area alias="translation">
    <key alias="assignedTasks">Tasks assigned to you</key>
    <key alias="assignedTasksHelp"><![CDATA[ The list below shows translation tasks <strong>assigned to you</strong>. To see a detailed view including comments, click on "Details" or just the page name. 
     You can also download the page as XML directly by clicking the "Download Xml" link. <br/>
     To close a translation task, please go to the Details view and click the "Close" button.
    ]]></key>
    <key alias="closeTask">close task</key>
    <key alias="details">Translation details</key>
    <key alias="downloadAllAsXml">Download all translation tasks as XML</key>
    <key alias="downloadTaskAsXml">Download XML</key>
    <key alias="DownloadXmlDTD">Download XML DTD</key>
    <key alias="fields">Fields</key>
    <key alias="includeSubpages">Include subpages</key>
    <key alias="mailBody"><![CDATA[
      Hi %0%

      This is an automated mail to inform you that the document '%1%'
      has been requested for translation into '%5%' by %2%.

      Go to http://%3%/translation/details.aspx?id=%4% to edit.

      Or log into Umbraco to get an overview of your translation tasks
      http://%3%

      Have a nice day!

      Cheers from the Umbraco robot
    ]]></key>
    <key alias="mailSubject">[%0%] Translation task for %1%</key>
    <key alias="noTranslators">No translator users found. Please create a translator user before you start sending content to translation</key>
    <key alias="ownedTasks">Tasks created by you</key>
    <key alias="ownedTasksHelp"><![CDATA[ The list below shows pages <strong>created by you</strong>. To see a detailed view including comments, 
     click on "Details" or just the page name. You can also download the page as XML directly by clicking the "Download Xml" link. 
     To close a translation task, please go to the Details view and click the "Close" button.
    ]]></key>
    <key alias="pageHasBeenSendToTranslation">The page '%0%' has been send to translation</key>
    <key alias="sendToTranslate">Send the page '%0%' to translation</key>
    <key alias="taskAssignedBy">Assigned by</key>
    <key alias="taskOpened">Task opened</key>
    <key alias="totalWords">Total words</key>
    <key alias="translateTo">Translate to</key>
    <key alias="translationDone">Translation completed.</key>
    <key alias="translationDoneHelp">You can preview the pages, you've just translated, by clicking below. If the original page is found, you will get a comparison of the 2 pages.</key>
    <key alias="translationFailed">Translation failed, the XML file might be corrupt</key>
    <key alias="translationOptions">Translation options</key>
    <key alias="translator">Translator</key>
    <key alias="uploadTranslationXml">Upload translation XML</key>
  </area>
  <area alias="treeHeaders">
    <key alias="cacheBrowser">Cache Browser</key>
    <key alias="contentRecycleBin">Recycle Bin</key>
    <key alias="createdPackages">Created packages</key>
    <key alias="datatype">Data Types</key>
    <key alias="dictionary">Dictionary</key>
    <key alias="installedPackages">Installed packages</key>
    <key alias="installSkin">Install skin</key>
    <key alias="installStarterKit">Install starter kit</key>
    <key alias="languages">Languages</key>
    <key alias="localPackage">Install local package</key>
    <key alias="macros">Macros</key>
    <key alias="mediaTypes">Media Types</key>
    <key alias="member">Members</key>
    <key alias="memberGroup">Member Groups</key>
    <key alias="memberRoles">Roles</key>
    <key alias="memberType">Member Types</key>
    <key alias="nodeTypes">Document Types</key>
    <key alias="packager">Packages</key>
    <key alias="packages">Packages</key>
    <key alias="python">Python Files</key>
    <key alias="repositories">Install from repository</key>
    <key alias="runway">Install Runway</key>
    <key alias="runwayModules">Runway modules</key>
    <key alias="scripting">Scripting Files</key>
    <key alias="scripts">Scripts</key>
    <key alias="stylesheets">Stylesheets</key>
    <key alias="templates">Templates</key>
    <key alias="xslt">XSLT Files</key>
    <key alias="analytics">Analytics</key>
  </area>
  <area alias="update">
    <key alias="updateAvailable">New update ready</key>
    <key alias="updateDownloadText">%0% is ready, click here for download</key>
    <key alias="updateNoServer">No connection to server</key>
    <key alias="updateNoServerError">Error checking for update. Please review trace-stack for further information</key>
  </area>
  <area alias="user">
    <key alias="administrators">Administrator</key>
    <key alias="categoryField">Category field</key>
    <key alias="changePassword">Change Your Password</key>
    <key alias="newPassword">Change Your Password</key>
    <key alias="confirmNewPassword">Confirm new password</key>
    <key alias="changePasswordDescription">You can change your password for accessing the Umbraco Back Office by filling out the form below and click the 'Change Password' button</key>
    <key alias="contentChannel">Content Channel</key>
    <key alias="descriptionField">Description field</key>
    <key alias="disabled">Disable User</key>
    <key alias="documentType">Document Type</key>
    <key alias="editors">Editor</key>
    <key alias="excerptField">Excerpt field</key>
    <key alias="language">Language</key>
    <key alias="loginname">Username</key>
    <key alias="mediastartnode">Start Node in Media Library</key>
    <key alias="modules">Sections</key>
    <key alias="noConsole">Disable Umbraco Access</key>
    <key alias="password">Password</key>
    <key alias="resetPassword">Reset password</key>
    <key alias="passwordChanged">Your password has been changed!</key>
    <key alias="passwordConfirm">Please confirm the new password</key>
    <key alias="passwordEnterNew">Enter your new password</key>
    <key alias="passwordIsBlank">Your new password cannot be blank!</key>
    <key alias="passwordCurrent">Current password</key>
    <key alias="passwordInvalid">Invalid current password</key>
    <key alias="passwordIsDifferent">There was a difference between the new password and the confirmed password. Please try again!</key>
    <key alias="passwordMismatch">The confirmed password doesn't match the new password!</key>
    <key alias="permissionReplaceChildren">Replace child node permissions</key>
    <key alias="permissionSelectedPages">You are currently modifying permissions for the pages:</key>
    <key alias="permissionSelectPages">Select pages to modify their permissions</key>
    <key alias="searchAllChildren">Search all children</key>
    <key alias="startnode">Start Node in Content</key>
    <key alias="username">Name</key>
    <key alias="userPermissions">User permissions</key>
    <key alias="usertype">User type</key>
    <key alias="userTypes">User types</key>
    <key alias="writer">Writer</key>
    <key alias="yourProfile" version="7.0">Your profile</key>
    <key alias="yourHistory" version="7.0">Your recent history</key>
    <key alias="sessionExpires" version="7.0">Session expires in</key>
  </area>
</language>
